{"Train loss_avg": 7.443681042575272, "Train inv_t_avg": 19.991670608520508, "Train top1_avg": 4.503744452662722, "Train top3_avg": 43.53215144230769, "Train loss_val": 4.918112754821777, "Train inv_t_val": 19.979644775390625, "Train top1_val": 21.19140625, "Train top3_val": 65.625, "_timestamp": 1696935867.903223, "_runtime": 251.76163506507874, "_step": 170, "Learning rate": 2.1125000000000002e-05, "Eval Acc@1": 39.98022406621441, "Eval Acc@3": 66.19973580367328, "Eval loss": 2.4784712648423155}